"","text","favorited","favoriteCount","replyToSN","created","truncated","replyToSID","id","replyToUID","statusSource","screenName","retweetCount","isRetweet","retweeted","longitude","latitude"
"1","We‚Äôre celebrating #MeatlessMonday at Ruby's Diner! Shooby dooby down to try our new plant-based Impossible Burger!‚Ä¶ https://t.co/bui9D2HfSb",FALSE,1,NA,2020-02-10 21:03:11,TRUE,NA,"1226974918509768705",NA,"<a href=""http://momentfeed.com"" rel=""nofollow"">MomentFeed.</a>","RubysDiner",0,FALSE,FALSE,NA,NA
"2","Really? Joaquin, our hero, would have brought her a PB&amp;J or #Tofurkey sammy for certain. Perhaps an‚Ä¶ https://t.co/WZVDBDBawF",FALSE,1,NA,2020-02-10 13:43:02,TRUE,NA,"1226864153706426373",NA,"<a href=""https://mobile.twitter.com"" rel=""nofollow"">Twitter Web App</a>","MicheleTrainer",0,FALSE,FALSE,NA,NA
"3","RT @ImpossibleFoods: What does the future of meat look like? Just ask the kids taste-testing Impossible‚Ñ¢ in this episode of Explained on Ne‚Ä¶",FALSE,0,NA,2020-02-10 02:52:01,FALSE,NA,"1226700319482109952",NA,"<a href=""http://twitter.com/download/iphone"" rel=""nofollow"">Twitter for iPhone</a>","AMD1_CEO",3,TRUE,FALSE,NA,NA
"4","RT @ImpossibleFoods: What does the future of meat look like? Just ask the kids taste-testing Impossible‚Ñ¢ in this episode of Explained on Ne‚Ä¶",FALSE,0,NA,2020-02-08 04:11:49,FALSE,NA,"1225995623356358656",NA,"<a href=""http://twitter.com/download/iphone"" rel=""nofollow"">Twitter for iPhone</a>","ljhickey24",3,TRUE,FALSE,NA,NA
"5","RT @ImpossibleFoods: The most important meal of the day now comes with #ImpossibleSausage made from plants! Try the Impossible‚Ñ¢ Croissan‚Äôwi‚Ä¶",FALSE,0,NA,2020-02-08 04:11:23,FALSE,NA,"1225995517257224192",NA,"<a href=""http://twitter.com/download/iphone"" rel=""nofollow"">Twitter for iPhone</a>","ljhickey24",39,TRUE,FALSE,NA,NA
"6","RT @ImpossibleFoods: What does the future of meat look like? Just ask the kids taste-testing Impossible‚Ñ¢ in this episode of Explained on Ne‚Ä¶",FALSE,0,NA,2020-02-08 03:50:12,FALSE,NA,"1225990185629831169",NA,"<a href=""http://twitter.com/download/iphone"" rel=""nofollow"">Twitter for iPhone</a>","IvanIvanzamora",3,TRUE,FALSE,NA,NA
"7","What does the future of meat look like? Just ask the kids taste-testing Impossible‚Ñ¢ in this episode of Explained on‚Ä¶ https://t.co/HcZYwo2kbq",FALSE,25,NA,2020-02-07 20:21:11,TRUE,NA,"1225877187347148800",NA,"<a href=""https://mobile.twitter.com"" rel=""nofollow"">Twitter Web App</a>","ImpossibleFoods",3,FALSE,FALSE,NA,NA
"8","RT @ImpossibleFoods: The most important meal of the day now comes with #ImpossibleSausage made from plants! Try the Impossible‚Ñ¢ Croissan‚Äôwi‚Ä¶",FALSE,0,NA,2020-02-07 16:44:07,FALSE,NA,"1225822558374760448",NA,"<a href=""http://twitter.com/download/iphone"" rel=""nofollow"">Twitter for iPhone</a>","gridlink",39,TRUE,FALSE,NA,NA
"9","Brian J. Miller joins Impossible Foods as the new Chief People Officer. #ImpossibleFoods #SymphonySearch‚Ä¶ https://t.co/NzkKY1eHTp",FALSE,0,NA,2020-02-07 14:45:09,TRUE,NA,"1225792619437068294",NA,"<a href=""https://buffer.com"" rel=""nofollow"">Buffer</a>","Valora_21",0,FALSE,FALSE,NA,NA
"10","RT @ImpossibleFoods: There's no group selfie like a White Castle Impossible‚Ñ¢ Slider group selfie. #ImpossibleFoods https://t.co/g0BDBi7Pl0",FALSE,0,NA,2020-02-07 11:17:08,FALSE,NA,"1225740270161088512",NA,"<a href=""http://twitter.com/download/iphone"" rel=""nofollow"">Twitter for iPhone</a>","BeansFLdreams",5,TRUE,FALSE,NA,NA
"11","RT @ImpossibleFoods: There's no group selfie like a White Castle Impossible‚Ñ¢ Slider group selfie. #ImpossibleFoods https://t.co/g0BDBi7Pl0",FALSE,0,NA,2020-02-07 06:57:03,FALSE,NA,"1225674818634174467",NA,"<a href=""http://twitter.com/download/android"" rel=""nofollow"">Twitter for Android</a>","KISSARRAH",5,TRUE,FALSE,NA,NA
"12","RT @ImpossibleFoods: The most important meal of the day now comes with #ImpossibleSausage made from plants! Try the Impossible‚Ñ¢ Croissan‚Äôwi‚Ä¶",FALSE,0,NA,2020-02-07 06:02:08,FALSE,NA,"1225660997643296770",NA,"<a href=""http://twitter.com"" rel=""nofollow"">Twitter Web Client</a>","GeekStartup",39,TRUE,FALSE,NA,NA
"13","RT @ImpossibleFoods: The most important meal of the day now comes with #ImpossibleSausage made from plants! Try the Impossible‚Ñ¢ Croissan‚Äôwi‚Ä¶",FALSE,0,NA,2020-02-07 05:17:04,FALSE,NA,"1225649657537155072",NA,"<a href=""http://twitter.com/download/android"" rel=""nofollow"">Twitter for Android</a>","hkxrea",39,TRUE,FALSE,NA,NA
"14","RT @ImpossibleFoods: Head of Culinary at #ImpossibleFoods AND @QSRmagazine January cover star? It‚Äôs all in a day‚Äôs work for Chef @JMichaelM‚Ä¶",FALSE,0,NA,2020-02-07 03:16:07,FALSE,NA,"1225619220408524800",NA,"<a href=""http://twitter.com/download/android"" rel=""nofollow"">Twitter for Android</a>","SUYRAK2",7,TRUE,FALSE,NA,NA
"15","RT @ImpossibleFoods: Congrats to this week's #TastePlace sweepstakes winner brionesbites on Instagram! 

Submit for a chance to win next we‚Ä¶",FALSE,0,NA,2020-02-07 02:43:51,FALSE,NA,"1225611100621701120",NA,"<a href=""http://twitter.com/download/iphone"" rel=""nofollow"">Twitter for iPhone</a>","IvanIvanzamora",1,TRUE,FALSE,NA,NA
"16","RT @ImpossibleFoods: There's no group selfie like a White Castle Impossible‚Ñ¢ Slider group selfie. #ImpossibleFoods https://t.co/g0BDBi7Pl0",FALSE,0,NA,2020-02-07 02:43:38,FALSE,NA,"1225611046636802049",NA,"<a href=""http://twitter.com/download/iphone"" rel=""nofollow"">Twitter for iPhone</a>","IvanIvanzamora",5,TRUE,FALSE,NA,NA
"17","RT @ImpossibleFoods: Head of Culinary at #ImpossibleFoods AND @QSRmagazine January cover star? It‚Äôs all in a day‚Äôs work for Chef @JMichaelM‚Ä¶",FALSE,0,NA,2020-02-07 00:46:25,FALSE,NA,"1225581547056697345",NA,"<a href=""https://mobile.twitter.com"" rel=""nofollow"">Twitter Web App</a>","MariaMa34519283",7,TRUE,FALSE,NA,NA
"18","RT @ImpossibleFoods: There's no group selfie like a White Castle Impossible‚Ñ¢ Slider group selfie. #ImpossibleFoods https://t.co/g0BDBi7Pl0",FALSE,0,NA,2020-02-06 23:29:54,FALSE,NA,"1225562291422322689",NA,"<a href=""https://mobile.twitter.com"" rel=""nofollow"">Twitter Web App</a>","JonnyWonderland",5,TRUE,FALSE,NA,NA
"19",".@freshandconyc now offers a fully vegan Meatball Parm Sandwich as part of their Winter Menu. It features‚Ä¶ https://t.co/K9wwCj2CIT",FALSE,2,NA,2020-02-06 23:20:06,TRUE,NA,"1225559823439319046",NA,"<a href=""https://www.hootsuite.com"" rel=""nofollow"">Hootsuite Inc.</a>","MeatlessMonday",0,FALSE,FALSE,NA,NA
"20","There's no group selfie like a White Castle Impossible‚Ñ¢ Slider group selfie. #ImpossibleFoods https://t.co/g0BDBi7Pl0",FALSE,106,NA,2020-02-06 23:11:14,FALSE,NA,"1225557590593150976",NA,"<a href=""https://mobile.twitter.com"" rel=""nofollow"">Twitter Web App</a>","ImpossibleFoods",5,FALSE,FALSE,NA,NA
"21","RT @ImpossibleFoods: The most important meal of the day now comes with #ImpossibleSausage made from plants! Try the Impossible‚Ñ¢ Croissan‚Äôwi‚Ä¶",FALSE,0,NA,2020-02-06 21:53:21,FALSE,NA,"1225537991961141248",NA,"<a href=""http://twitter.com/download/iphone"" rel=""nofollow"">Twitter for iPhone</a>","_Trina_Maria_",39,TRUE,FALSE,NA,NA
"22","RT @ImpossibleFoods: The most important meal of the day now comes with #ImpossibleSausage made from plants! Try the Impossible‚Ñ¢ Croissan‚Äôwi‚Ä¶",FALSE,0,NA,2020-02-06 21:51:19,FALSE,NA,"1225537481162076169",NA,"<a href=""https://mobile.twitter.com"" rel=""nofollow"">Twitter Web App</a>","SheepConcerned",39,TRUE,FALSE,NA,NA
"23","Congrats to this week's #TastePlace sweepstakes winner brionesbites on Instagram! 

Submit for a chance to win next‚Ä¶ https://t.co/3qcfOZWspE",FALSE,9,NA,2020-02-06 21:30:12,TRUE,NA,"1225532168325210113",NA,"<a href=""https://mobile.twitter.com"" rel=""nofollow"">Twitter Web App</a>","ImpossibleFoods",1,FALSE,FALSE,NA,NA
"24","Warm up with some @ImpossibleFoods Ramen and more tonight at Beer Geeks! Kitchen opens at 5pm #impossiblefoods‚Ä¶ https://t.co/PCtfZeX0JI",FALSE,0,NA,2020-02-06 19:58:59,TRUE,NA,"1225509212890988544",NA,"<a href=""http://instagram.com"" rel=""nofollow"">Instagram</a>","beergeekspub",0,FALSE,FALSE,NA,NA
"25","RT @ImpossibleFoods: The most important meal of the day now comes with #ImpossibleSausage made from plants! Try the Impossible‚Ñ¢ Croissan‚Äôwi‚Ä¶",FALSE,0,NA,2020-02-06 19:10:28,FALSE,NA,"1225497003301515265",NA,"<a href=""http://twitter.com/download/android"" rel=""nofollow"">Twitter for Android</a>","iamanporwal",39,TRUE,FALSE,NA,NA
"26","RT @ImpossibleFoods: The most important meal of the day now comes with #ImpossibleSausage made from plants! Try the Impossible‚Ñ¢ Croissan‚Äôwi‚Ä¶",FALSE,0,NA,2020-02-06 18:53:27,FALSE,NA,"1225492718782164992",NA,"<a href=""https://thedailypurple.com"" rel=""nofollow"">Emerging Technology Relevant app</a>","TechAggreg",39,TRUE,FALSE,NA,NA
"27","RT @ImpossibleFoods: The most important meal of the day now comes with #ImpossibleSausage made from plants! Try the Impossible‚Ñ¢ Croissan‚Äôwi‚Ä¶",FALSE,0,NA,2020-02-06 18:52:46,FALSE,NA,"1225492547532939267",NA,"<a href=""https://mobile.twitter.com"" rel=""nofollow"">Twitter Web App</a>","GVteam",39,TRUE,FALSE,NA,NA
"28","RT @ImpossibleFoods: The most important meal of the day now comes with #ImpossibleSausage made from plants! Try the Impossible‚Ñ¢ Croissan‚Äôwi‚Ä¶",FALSE,0,NA,2020-02-06 17:25:25,FALSE,NA,"1225470566091689984",NA,"<a href=""http://twitter.com/download/android"" rel=""nofollow"">Twitter for Android</a>","ByronMurphy8",39,TRUE,FALSE,NA,NA
"29","RT @ImpossibleFoods: The most important meal of the day now comes with #ImpossibleSausage made from plants! Try the Impossible‚Ñ¢ Croissan‚Äôwi‚Ä¶",FALSE,0,NA,2020-02-06 11:12:48,FALSE,NA,"1225376793567408129",NA,"<a href=""http://twitter.com/download/android"" rel=""nofollow"">Twitter for Android</a>","KISSARRAH",39,TRUE,FALSE,NA,NA
"30","RT @ARMInvestigatio: More choices than ever to ditch animal products! Have you tried the Impossible Whopper? Let us knowüëá 

#impossiblefood‚Ä¶",FALSE,0,NA,2020-02-06 10:27:42,FALSE,NA,"1225365441901744128",NA,"<a href=""http://twitter.com/download/android"" rel=""nofollow"">Twitter for Android</a>","JosCarreo3",2,TRUE,FALSE,NA,NA
"31","RT @ImpossibleFoods: The most important meal of the day now comes with #ImpossibleSausage made from plants! Try the Impossible‚Ñ¢ Croissan‚Äôwi‚Ä¶",FALSE,0,NA,2020-02-06 09:14:44,FALSE,NA,"1225347081063161856",NA,"<a href=""http://twitter.com/download/iphone"" rel=""nofollow"">Twitter for iPhone</a>","ITZWOODA",39,TRUE,FALSE,NA,NA
"32","RT @ImpossibleFoods: The most important meal of the day now comes with #ImpossibleSausage made from plants! Try the Impossible‚Ñ¢ Croissan‚Äôwi‚Ä¶",FALSE,0,NA,2020-02-06 06:42:01,FALSE,NA,"1225308646663446528",NA,"<a href=""http://twitter.com/download/iphone"" rel=""nofollow"">Twitter for iPhone</a>","AHintOfLemon269",39,TRUE,FALSE,NA,NA
"33","RT @ImpossibleFoods: The most important meal of the day now comes with #ImpossibleSausage made from plants! Try the Impossible‚Ñ¢ Croissan‚Äôwi‚Ä¶",FALSE,0,NA,2020-02-06 03:52:19,FALSE,NA,"1225265940893503489",NA,"<a href=""http://twitter.com/download/iphone"" rel=""nofollow"">Twitter for iPhone</a>","Veganize1",39,TRUE,FALSE,NA,NA
"34","RT @HobbsTowne: Way to go @ImpossibleFoods  #ImpossibleFoods #ClimateTech https://t.co/ms3jiqvZd3",FALSE,0,NA,2020-02-06 02:58:53,FALSE,NA,"1225252493958926337",NA,"<a href=""http://twitter.com/download/iphone"" rel=""nofollow"">Twitter for iPhone</a>","IvanIvanzamora",6,TRUE,FALSE,NA,NA
"35","RT @ImpossibleFoods: The most important meal of the day now comes with #ImpossibleSausage made from plants! Try the Impossible‚Ñ¢ Croissan‚Äôwi‚Ä¶",FALSE,0,NA,2020-02-06 02:58:37,FALSE,NA,"1225252426917142528",NA,"<a href=""http://twitter.com/download/iphone"" rel=""nofollow"">Twitter for iPhone</a>","IvanIvanzamora",39,TRUE,FALSE,NA,NA
"36","RT @ImpossibleFoods: The most important meal of the day now comes with #ImpossibleSausage made from plants! Try the Impossible‚Ñ¢ Croissan‚Äôwi‚Ä¶",FALSE,0,NA,2020-02-06 02:25:58,FALSE,NA,"1225244210489692160",NA,"<a href=""https://mobile.twitter.com"" rel=""nofollow"">Twitter Web App</a>","AlfonsoSDGs",39,TRUE,FALSE,NA,NA
"37","RT @ImpossibleFoods: The most important meal of the day now comes with #ImpossibleSausage made from plants! Try the Impossible‚Ñ¢ Croissan‚Äôwi‚Ä¶",FALSE,0,NA,2020-02-06 02:21:02,FALSE,NA,"1225242967822217216",NA,"<a href=""http://twitter.com/#!/download/ipad"" rel=""nofollow"">Twitter for iPad</a>","padiamjam",39,TRUE,FALSE,NA,NA
"38","RT @ImpossibleFoods: The most important meal of the day now comes with #ImpossibleSausage made from plants! Try the Impossible‚Ñ¢ Croissan‚Äôwi‚Ä¶",FALSE,0,NA,2020-02-06 02:12:09,FALSE,NA,"1225240732350455809",NA,"<a href=""http://twitter.com/download/iphone"" rel=""nofollow"">Twitter for iPhone</a>","Tater_Totteroo",39,TRUE,FALSE,NA,NA
"39","RT @ImpossibleFoods: The most important meal of the day now comes with #ImpossibleSausage made from plants! Try the Impossible‚Ñ¢ Croissan‚Äôwi‚Ä¶",FALSE,0,NA,2020-02-06 01:57:00,FALSE,NA,"1225236922257354752",NA,"<a href=""http://twitter.com/download/iphone"" rel=""nofollow"">Twitter for iPhone</a>","darynmackenzie",39,TRUE,FALSE,NA,NA
"40","RT @ImpossibleFoods: The most important meal of the day now comes with #ImpossibleSausage made from plants! Try the Impossible‚Ñ¢ Croissan‚Äôwi‚Ä¶",FALSE,0,NA,2020-02-06 01:43:42,FALSE,NA,"1225233572677799936",NA,"<a href=""http://twitter.com/download/iphone"" rel=""nofollow"">Twitter for iPhone</a>","pop_popculture",39,TRUE,FALSE,NA,NA
"41","RT @ImpossibleFoods: The most important meal of the day now comes with #ImpossibleSausage made from plants! Try the Impossible‚Ñ¢ Croissan‚Äôwi‚Ä¶",FALSE,0,NA,2020-02-06 01:34:49,FALSE,NA,"1225231339093471232",NA,"<a href=""http://twitter.com/download/iphone"" rel=""nofollow"">Twitter for iPhone</a>","MsJessLaurenG",39,TRUE,FALSE,NA,NA
"42","RT @ImpossibleFoods: The most important meal of the day now comes with #ImpossibleSausage made from plants! Try the Impossible‚Ñ¢ Croissan‚Äôwi‚Ä¶",FALSE,0,NA,2020-02-06 01:25:38,FALSE,NA,"1225229026467467265",NA,"<a href=""http://tapbots.com/tweetbot"" rel=""nofollow"">Tweetbot for iŒüS</a>","obsolete29",39,TRUE,FALSE,NA,NA
"43","‚ÄúAre Beyond Meat and Impossible Burger the Death of the Veggie Burger?‚Äù by BPP https://t.co/9oKI7Aujid #vegetarian‚Ä¶ https://t.co/0gyYxvAJjC",FALSE,3,NA,2020-02-06 01:23:58,TRUE,NA,"1225228607158542336",NA,"<a href=""http://twitter.com/download/android"" rel=""nofollow"">Twitter for Android</a>","Anonymous_BPP",0,FALSE,FALSE,NA,NA
"44","RT @ImpossibleFoods: The most important meal of the day now comes with #ImpossibleSausage made from plants! Try the Impossible‚Ñ¢ Croissan‚Äôwi‚Ä¶",FALSE,0,NA,2020-02-06 01:20:45,FALSE,NA,"1225227799771959297",NA,"<a href=""http://twitter.com/download/android"" rel=""nofollow"">Twitter for Android</a>","PairMobile",39,TRUE,FALSE,NA,NA
"45","RT @ImpossibleFoods: The most important meal of the day now comes with #ImpossibleSausage made from plants! Try the Impossible‚Ñ¢ Croissan‚Äôwi‚Ä¶",FALSE,0,NA,2020-02-06 00:58:58,FALSE,NA,"1225222318370148352",NA,"<a href=""https://mobile.twitter.com"" rel=""nofollow"">Twitter Web App</a>","wellsmitch",39,TRUE,FALSE,NA,NA
"46","RT @HobbsTowne: Way to go @ImpossibleFoods  #ImpossibleFoods #ClimateTech https://t.co/ms3jiqvZd3",FALSE,0,NA,2020-02-06 00:50:20,FALSE,NA,"1225220143007043584",NA,"<a href=""http://twitter.com/download/android"" rel=""nofollow"">Twitter for Android</a>","oilervoss",6,TRUE,FALSE,NA,NA
"47","RT @ImpossibleFoods: The most important meal of the day now comes with #ImpossibleSausage made from plants! Try the Impossible‚Ñ¢ Croissan‚Äôwi‚Ä¶",FALSE,0,NA,2020-02-06 00:19:27,FALSE,NA,"1225212372043927552",NA,"<a href=""http://twitter.com/download/iphone"" rel=""nofollow"">Twitter for iPhone</a>","ver0nika4321",39,TRUE,FALSE,NA,NA
"48","RT @ImpossibleFoods: The most important meal of the day now comes with #ImpossibleSausage made from plants! Try the Impossible‚Ñ¢ Croissan‚Äôwi‚Ä¶",FALSE,0,NA,2020-02-06 00:19:03,FALSE,NA,"1225212269392531456",NA,"<a href=""http://twitter.com/download/iphone"" rel=""nofollow"">Twitter for iPhone</a>","ChrissyLove93",39,TRUE,FALSE,NA,NA
"49","RT @ImpossibleFoods: The most important meal of the day now comes with #ImpossibleSausage made from plants! Try the Impossible‚Ñ¢ Croissan‚Äôwi‚Ä¶",FALSE,0,NA,2020-02-05 23:56:07,FALSE,NA,"1225206498525163520",NA,"<a href=""http://twitter.com/download/android"" rel=""nofollow"">Twitter for Android</a>","JonnyWonderland",39,TRUE,FALSE,NA,NA
"50","RT @HobbsTowne: Way to go @ImpossibleFoods  #ImpossibleFoods #ClimateTech https://t.co/ms3jiqvZd3",FALSE,0,NA,2020-02-05 23:51:06,FALSE,NA,"1225205236324872192",NA,"<a href=""http://twitter.com/download/iphone"" rel=""nofollow"">Twitter for iPhone</a>","veganinvesting",6,TRUE,FALSE,NA,NA
"51","RT @ImpossibleFoods: The most important meal of the day now comes with #ImpossibleSausage made from plants! Try the Impossible‚Ñ¢ Croissan‚Äôwi‚Ä¶",FALSE,0,NA,2020-02-05 23:47:29,FALSE,NA,"1225204327863681025",NA,"<a href=""http://twitter.com/download/android"" rel=""nofollow"">Twitter for Android</a>","new_marcelle",39,TRUE,FALSE,NA,NA
"52","RT @ImpossibleFoods: The most important meal of the day now comes with #ImpossibleSausage made from plants! Try the Impossible‚Ñ¢ Croissan‚Äôwi‚Ä¶",FALSE,0,NA,2020-02-05 23:25:41,FALSE,NA,"1225198840782913536",NA,"<a href=""http://twitter.com/download/iphone"" rel=""nofollow"">Twitter for iPhone</a>","TheBlkPolitico",39,TRUE,FALSE,NA,NA
"53","RT @ImpossibleFoods: The most important meal of the day now comes with #ImpossibleSausage made from plants! Try the Impossible‚Ñ¢ Croissan‚Äôwi‚Ä¶",FALSE,0,NA,2020-02-05 23:24:00,FALSE,NA,"1225198418852765696",NA,"<a href=""http://twitter.com/download/iphone"" rel=""nofollow"">Twitter for iPhone</a>","richardmarx",39,TRUE,FALSE,NA,NA
"54","RT @ImpossibleFoods: The most important meal of the day now comes with #ImpossibleSausage made from plants! Try the Impossible‚Ñ¢ Croissan‚Äôwi‚Ä¶",FALSE,0,NA,2020-02-05 23:23:19,FALSE,NA,"1225198246269718528",NA,"<a href=""http://twitter.com/download/iphone"" rel=""nofollow"">Twitter for iPhone</a>","rayzn1123",39,TRUE,FALSE,NA,NA
"55","RT @ImpossibleFoods: The most important meal of the day now comes with #ImpossibleSausage made from plants! Try the Impossible‚Ñ¢ Croissan‚Äôwi‚Ä¶",FALSE,0,NA,2020-02-05 23:23:01,FALSE,NA,"1225198168767418368",NA,"<a href=""http://twitter.com/download/android"" rel=""nofollow"">Twitter for Android</a>","tobykdotcom",39,TRUE,FALSE,NA,NA
"56","RT @ImpossibleFoods: The most important meal of the day now comes with #ImpossibleSausage made from plants! Try the Impossible‚Ñ¢ Croissan‚Äôwi‚Ä¶",FALSE,0,NA,2020-02-05 23:09:51,FALSE,NA,"1225194855372087307",NA,"<a href=""http://twitter.com/download/android"" rel=""nofollow"">Twitter for Android</a>","AliceGrimaude",39,TRUE,FALSE,NA,NA
"57","RT @ImpossibleFoods: The most important meal of the day now comes with #ImpossibleSausage made from plants! Try the Impossible‚Ñ¢ Croissan‚Äôwi‚Ä¶",FALSE,0,NA,2020-02-05 23:05:48,FALSE,NA,"1225193835757740033",NA,"<a href=""https://mobile.twitter.com"" rel=""nofollow"">Twitter Web App</a>","KingSmiggles",39,TRUE,FALSE,NA,NA
"58","RT @ImpossibleFoods: The most important meal of the day now comes with #ImpossibleSausage made from plants! Try the Impossible‚Ñ¢ Croissan‚Äôwi‚Ä¶",FALSE,0,NA,2020-02-05 23:05:41,FALSE,NA,"1225193807660097536",NA,"<a href=""http://twitter.com/download/iphone"" rel=""nofollow"">Twitter for iPhone</a>","Yaroph_",39,TRUE,FALSE,NA,NA
"59","RT @ImpossibleFoods: The most important meal of the day now comes with #ImpossibleSausage made from plants! Try the Impossible‚Ñ¢ Croissan‚Äôwi‚Ä¶",FALSE,0,NA,2020-02-05 23:00:26,FALSE,NA,"1225192487255408640",NA,"<a href=""https://mobile.twitter.com"" rel=""nofollow"">Twitter Web App</a>","URfaveEm0",39,TRUE,FALSE,NA,NA
"60","The most important meal of the day now comes with #ImpossibleSausage made from plants! Try the Impossible‚Ñ¢ Croissan‚Ä¶ https://t.co/HWFqi9YrhR",FALSE,283,NA,2020-02-05 22:57:27,TRUE,NA,"1225191734293848064",NA,"<a href=""https://mobile.twitter.com"" rel=""nofollow"">Twitter Web App</a>","ImpossibleFoods",39,FALSE,FALSE,NA,NA
"61","RT @ImpossibleFoods: Sign up for #TastePlace to earn rewards just for eating #ImpossibleFoods. Terms &amp; conditions can be viewed online at h‚Ä¶",FALSE,0,NA,2020-02-05 18:18:21,FALSE,NA,"1225121497632722944",NA,"<a href=""http://twitter.com/download/iphone"" rel=""nofollow"">Twitter for iPhone</a>","mrkspflr",4,TRUE,FALSE,NA,NA
"62","RT @HobbsTowne: Way to go @ImpossibleFoods  #ImpossibleFoods #ClimateTech https://t.co/ms3jiqvZd3",FALSE,0,NA,2020-02-05 17:27:33,FALSE,NA,"1225108714371284992",NA,"<a href=""http://twitter.com/#!/download/ipad"" rel=""nofollow"">Twitter for iPad</a>","NguyenSylvie5",6,TRUE,FALSE,NA,NA
"63","RT @HobbsTowne: Way to go @ImpossibleFoods  #ImpossibleFoods #ClimateTech https://t.co/ms3jiqvZd3",FALSE,0,NA,2020-02-05 14:41:55,FALSE,NA,"1225067030442737664",NA,"<a href=""http://twitter.com/download/iphone"" rel=""nofollow"">Twitter for iPhone</a>","anotherdlee",6,TRUE,FALSE,NA,NA
"64","RT @ImpossibleFoods: Head of Culinary at #ImpossibleFoods AND @QSRmagazine January cover star? It‚Äôs all in a day‚Äôs work for Chef @JMichaelM‚Ä¶",FALSE,0,NA,2020-02-05 14:41:27,FALSE,NA,"1225066914096939008",NA,"<a href=""http://twitter.com/download/iphone"" rel=""nofollow"">Twitter for iPhone</a>","anotherdlee",7,TRUE,FALSE,NA,NA
"65","RT @bitividi: #ImpossibleFoods #YouTube video took on a #TVspot that formented fears over ingredients writes #BrianCooley for #cnet :

http‚Ä¶",FALSE,0,NA,2020-02-05 14:09:52,FALSE,NA,"1225058966427836416",NA,"<a href=""http://twitter.com/download/iphone"" rel=""nofollow"">Twitter for iPhone</a>","ysraykt",1,TRUE,FALSE,NA,NA
"66","RT @ImpossibleFoods: Head of Culinary at #ImpossibleFoods AND @QSRmagazine January cover star? It‚Äôs all in a day‚Äôs work for Chef @JMichaelM‚Ä¶",FALSE,0,NA,2020-02-05 13:51:52,FALSE,NA,"1225054437628170240",NA,"<a href=""https://about.twitter.com/products/tweetdeck"" rel=""nofollow"">TweetDeck</a>","SamQSR",7,TRUE,FALSE,NA,NA
"67","RT @ImpossibleFoods: Head of Culinary at #ImpossibleFoods AND @QSRmagazine January cover star? It‚Äôs all in a day‚Äôs work for Chef @JMichaelM‚Ä¶",FALSE,0,NA,2020-02-05 13:36:55,FALSE,NA,"1225050671180931077",NA,"<a href=""https://mobile.twitter.com"" rel=""nofollow"">Twitter Web App</a>","QSRmagazine",7,TRUE,FALSE,NA,NA
"68","RT @ImpossibleFoods: Head of Culinary at #ImpossibleFoods AND @QSRmagazine January cover star? It‚Äôs all in a day‚Äôs work for Chef @JMichaelM‚Ä¶",FALSE,0,NA,2020-02-05 06:23:03,FALSE,NA,"1224941486707552256",NA,"<a href=""https://mobile.twitter.com"" rel=""nofollow"">Twitter Web App</a>","Baxzy",7,TRUE,FALSE,NA,NA
"69","RT @ImpossibleFoods: Sign up for #TastePlace to earn rewards just for eating #ImpossibleFoods. Terms &amp; conditions can be viewed online at h‚Ä¶",FALSE,0,NA,2020-02-05 06:22:44,FALSE,NA,"1224941407909109761",NA,"<a href=""https://mobile.twitter.com"" rel=""nofollow"">Twitter Web App</a>","Baxzy",4,TRUE,FALSE,NA,NA
"70","RT @ImpossibleFoods: Sign up for #TastePlace to earn rewards just for eating #ImpossibleFoods. Terms &amp; conditions can be viewed online at h‚Ä¶",FALSE,0,NA,2020-02-05 02:57:43,FALSE,NA,"1224889814803193859",NA,"<a href=""http://twitter.com/download/iphone"" rel=""nofollow"">Twitter for iPhone</a>","kellierose914",4,TRUE,FALSE,NA,NA
"71","RT @ImpossibleFoods: Sign up for #TastePlace to earn rewards just for eating #ImpossibleFoods. Terms &amp; conditions can be viewed online at h‚Ä¶",FALSE,0,NA,2020-02-05 02:24:45,FALSE,NA,"1224881516888506368",NA,"<a href=""http://twitter.com/download/iphone"" rel=""nofollow"">Twitter for iPhone</a>","IvanIvanzamora",4,TRUE,FALSE,NA,NA
"72","Sign up for #TastePlace to earn rewards just for eating #ImpossibleFoods. Terms &amp; conditions can be viewed online a‚Ä¶ https://t.co/nTg4kqqMAU",FALSE,19,NA,2020-02-05 01:57:44,TRUE,NA,"1224874716789268480",NA,"<a href=""https://studio.twitter.com"" rel=""nofollow"">Twitter Media Studio</a>","ImpossibleFoods",4,FALSE,FALSE,NA,NA
"73","RT @ImpossibleFoods: Head of Culinary at #ImpossibleFoods AND @QSRmagazine January cover star? It‚Äôs all in a day‚Äôs work for Chef @JMichaelM‚Ä¶",FALSE,0,NA,2020-02-05 01:25:05,FALSE,NA,"1224866500894515206",NA,"<a href=""http://twitter.com/download/iphone"" rel=""nofollow"">Twitter for iPhone</a>","kellierose914",7,TRUE,FALSE,NA,NA
"74","Head of Culinary at #ImpossibleFoods AND @QSRmagazine January cover star? It‚Äôs all in a day‚Äôs work for Chef‚Ä¶ https://t.co/Q77gc7OV3j",FALSE,19,NA,2020-02-05 00:38:16,TRUE,NA,"1224854720721719296",NA,"<a href=""https://studio.twitter.com"" rel=""nofollow"">Twitter Media Studio</a>","ImpossibleFoods",7,FALSE,FALSE,NA,NA
"75","It was an impossible whopper kind of Monday üòãüòãüòã #burgerking #impossiblewhopper #impossiblefoods #impossibleburger‚Ä¶ https://t.co/KUqOmzcFqT",FALSE,1,NA,2020-02-04 19:28:16,TRUE,NA,"1224776705799282691",NA,"<a href=""https://ifttt.com"" rel=""nofollow"">IFTTT</a>","nycgirlseat",0,FALSE,FALSE,NA,NA
"76","It was an impossible whopper kind of Monday üòãüòãüòã #burgerking #impossiblewhopper #impossiblefoods #impossibleburger‚Ä¶ https://t.co/yt3QoHvs9m",FALSE,0,NA,2020-02-04 19:09:08,TRUE,NA,"1224771889995898885",NA,"<a href=""https://ifttt.com"" rel=""nofollow"">IFTTT</a>","nycgirlseat",0,FALSE,FALSE,NA,NA
"77","More choices than ever to ditch animal products! Have you tried the Impossible Whopper? Let us knowüëá‚Ä¶ https://t.co/LbdLqv2hXH",FALSE,7,NA,2020-02-04 14:30:47,TRUE,NA,"1224701841994285058",NA,"<a href=""https://www.hootsuite.com"" rel=""nofollow"">Hootsuite Inc.</a>","ARMInvestigatio",2,FALSE,FALSE,NA,NA
"78","Way to go @ImpossibleFoods  #ImpossibleFoods #ClimateTech https://t.co/ms3jiqvZd3",FALSE,14,NA,2020-02-04 12:09:28,FALSE,NA,"1224666278570471430",NA,"<a href=""http://twitter.com/download/iphone"" rel=""nofollow"">Twitter for iPhone</a>","HobbsTowne",6,FALSE,FALSE,NA,NA
"79","#Burger #v√©g√©tal : la bataille pour #McDonald‚Äôs tourne √† l‚Äôavantage de #BeyondMeat. Ce dernier a √©tendu son exp√©rim‚Ä¶ https://t.co/eoztuudFAN",FALSE,0,NA,2020-02-04 11:15:04,TRUE,NA,"1224652586130837504",NA,"<a href=""https://www.hootsuite.com"" rel=""nofollow"">Hootsuite Inc.</a>","lemiammiamblog",0,FALSE,FALSE,NA,NA
"80","RT @ImpossibleFoods: Forget soup of the day. This Tantanmen Ramen with wok-saut√©ed Impossible‚Ñ¢ is our soup of the year. #ImpossibleFoods üì∏:‚Ä¶",FALSE,0,NA,2020-02-04 00:26:29,FALSE,NA,"1224489364308348928",NA,"<a href=""http://twitter.com/#!/download/ipad"" rel=""nofollow"">Twitter for iPad</a>","johnalleyjr",8,TRUE,FALSE,NA,NA
"81","RT @ImpossibleFoods: Share your Impossible‚Ñ¢ game day spread tomorrow for a chance to win a @DoorDash gift card! Tag #ImpossibleFoods and th‚Ä¶",FALSE,0,NA,2020-02-04 00:23:34,FALSE,NA,"1224488632343498752",NA,"<a href=""http://twitter.com/#!/download/ipad"" rel=""nofollow"">Twitter for iPad</a>","johnalleyjr",5,TRUE,FALSE,NA,NA
"82","Impossible Foods spoofed pro-meat group's Super Bowl spot in just one day | PR Week LOVE IT!! #ImpossibleFoods  https://t.co/LGaD6aHkGi",FALSE,0,NA,2020-02-03 23:48:36,FALSE,NA,"1224479833809354752",NA,"<a href=""http://twitter.com/download/iphone"" rel=""nofollow"">Twitter for iPhone</a>","HobbsTowne",0,FALSE,FALSE,NA,NA
"83","#ImpossibleFoods #YouTube video took on a #TVspot that formented fears over ingredients writes #BrianCooley for‚Ä¶ https://t.co/2M91VV3giP",FALSE,4,NA,2020-02-03 19:11:00,TRUE,NA,"1224409971133161473",NA,"<a href=""https://about.twitter.com/products/tweetdeck"" rel=""nofollow"">TweetDeck</a>","bitividi",1,FALSE,FALSE,NA,NA
